UNIT,SUMMARY,STRENGTHS,WEAKNESSES,ERA,NATION,BUILDING,TYPE,STATS,BUILDING REQUIRED,ABILITIES,COST,POP COUNT
105mm_Howitzer,The 105mm Howitzer is a American World War I siege weapon  .,Good vs. buildings and infantry.,Weak vs. tanks and anti-tank units.,World War I,United States,Siege Factory,Siege weapon,"{'HP': '680', 'Attack': '135', 'Speed': '11', 'Range': '8'}",None,None,"{'Wood': '230', 'Gold': '270'}",2
12_Pounder,"The 12 Pounder is a Frankish siege weapon of the Imperial Age , available at the Siege Factory. It is upgraded from the Bombard for 80 Gold .",Good vs. buildings and gun infantry.,Weak vs. sword cavalry.,Imperial Age,Franks,Siege Factory,Siege Weapon,"{'HP': '950', 'Attack': '180', 'Gun': '8', 'Speed': '11', 'Range': '8'}",None,None,"{'Wood': '200', 'Gold': '250'}",2
37mm_AA_Gun,The 37mm AA Gun is a Russian World War I anti-air unit .,Good vs. Fighters and Bombers.,Weak vs. land units.,World War I,Russia,Siege Factory,Anti-Air,"{'HP': '560', 'Attack': '50', 'Area Effect': '17', 'Speed': '13', 'Range': '6'}",None,None,"{'Wood': '75', 'Gold': '75'}",1
37mm_Bofors_AA_Gun,The 37mm Bofors AA Gun is an anti-air unit of the United Kingdom .,Good vs. Fighters and Bombers.,Weak vs. land  units.,World War I,United Kingdom,Siege Factory,Anti-Air,"{'HP': '750', 'Attack': '65', 'Speed': '13', 'Range': '7'}",None,None,"{'Wood': '95', 'Gold': '75'}",1
77mm_AA_Gun,The 77mm AA Gun is a French World War I anti-air unit .,Good vs. Fighters and Bombers.,Weak vs. land units.,World War I,France,Siege Factory,Anti-air,"{'HP': '625', 'Attack': '70', 'Speed': '13', 'Range': '6'}",None,None,"{'Wood': '95', 'Gold': '75'}",1
88mm_AT_Gun_(Germany),"Originally designed as an anti-air gun, the versatile 88 mm gun also saw use as a field weapon. Amazingly, it was also the best anti-tank gun of any army during World War II, able to punch through the thickest armour.[1]",Good vs. tanks and aircraft.,Weak vs. gun infantry.,World War II,Germany,Siege Factory,Anti-Tank/Anti-Air,"{'HP': '940', 'Range': '6'}",None,"['Switch', 'between', 'modes']","{'Wood': '90', 'Gold': '70'}",1
88mm_AT_Gun_(United_States),The 88mm AT Gun is a American World War II anti-tank unit . It is upgraded from the Anti-Tank 75mm Gun for 55 Gold .,Good vs. Tanks.,Weak vs. gun infantry.,World War II,United States,Siege Factory,Anti-Tank,"{'HP': '900', 'Attack': '54', 'Gun': '4', 'Speed': '13', 'Range': '6'}",None,None,"{'Wood': '100', 'Gold': '80'}",1
90mm_AA_Gun,The 90mm AA Gun is a Russian World War II anti-air unit . It is upgraded from the 37mm AA Gun for 40 Gold .,Good vs. Fighters and Bombers.,Weak vs. land units.,World War II,Russia,Siege Factory,Anti-Air,"{'HP': '675', 'Attack': '65', 'Area Effect': '17', 'Speed': '13', 'Range': '6'}",None,None,"{'Wood': '75', 'Gold': '75'}",1
A7V_Tank,"In response to the success of British tanks in 1916, the German War Ministry issued a secret contract to the VPK to develop the A7V Sturmpanzerwagen. In Empires, the A7V Sturmpanzerwagen acts as Germany's only battle tank in World War I.[1]",Good vs. infantry.,Weak vs. anti-tank units.,World War I,Germany,Siege Factory,Tank,"{'HP': '2,500', 'Attack': '120', 'Gun': '3', 'Speed': '14', 'Range': '5'}",None,None,"{'Food': '190', 'Gold': '225'}",3
Ambulance,"The most common Allied WWI Ambulance was a modified Ford Model T, because of its lightweight and strong reliability. WWI was finally a war where medicine caught up close to war. In all previous wars, it was usually wounds or disease that killed more people than actual fatal bullets.[1]",Can heal hit points and restore power to surrounding units.,Cannot attack.,World War I,United States,Tank Factory,Support vehicle,"{'HP': '500', 'Speed': '14'}",Armory,"['HealsRestores', 'power']","{'Food': '110', 'Gold': '140'}",2
American,"The American is the American Citizen unit , used to gather resources and to construct and repair buildings. They are created at the Town Center.","Good vs. animals. Can construct and repair buildings, and gather resources.",Weak vs. any unit.,World War I,United States,Town Center,Citizen,"{'HP': '560', 'Attack': '9', 'Speed': '11', 'Range': '2'}",None,None,{'Food': '50'},1
Amphibious_Tank,Amphibious tanks were conceived to ford rivers where bridges were unavailable.[2],Good vs. infantry.,Weak vs. anti-tank units.,World War II,United Kingdom,Tank Factory,Tank,"{'HP': '1,500', 'Attack': '80', 'Speed': '15', 'Power': '100', 'Range': '5'}",Armory,"['AmphibiousWhite', 'Phosphorus']","{'Food': '125', 'Gold': '155'}",2
Anatra-DS_Fighter,The Anatra-DS Fighter is a Russian World War I fighter plane .,Good vs. Bombers and land units.,Weak vs. anti-air units.,World War I,Russia,Airport,Fighter,"{'HP': '625', 'Attack': '16', 'Speed': '24', 'Flight time': '125', 'Range': '7'}",None,"['Detects', 'stealthy', 'units']","{'Wood': '120', 'Gold': '160'}",1
Anti-Tank_38mm_Gun_(Russia),The Anti-Tank 38mm Gun is a Russian anti-tank unit .,Good vs. Tanks.,Weak vs. gun infantry.,World War I,Russia,Siege Factory,Anti-Tank,"{'HP': '655', 'Attack': '35', 'Gun': '3', 'Speed': '13', 'Range': '5'}",None,None,"{'Wood': '75', 'Gold': '65'}",1
Anti-Tank_38mm_Gun_(United_Kingdom),The Anti-Tank 38mm Gun is an anti-tank unit of the United Kingdom .,Good vs. Tanks.,Weak vs. gun infantry.,World War I,United Kingdom,Siege Factory,Anti-Tank,"{'HP': '1,000', 'Attack': '45', 'Gun': '3', 'Speed': '13', 'Range': '5'}",None,None,"{'Wood': '110', 'Gold': '90'}",1
Anti-Tank_75mm_Gun,The Anti-Tank 75mm Gun is a French and American World War I anti-tank unit .,Good vs. tanks.,Weak vs. gun infantry.,World War I,France,Siege Factory,Anti-tank,"{'HP': '810', 'Attack': '40', 'Gun': '3', 'Speed': '13', 'Range': '6'}",None,None,"{'Wood': '100', 'Gold': '80'}",1
Anti-Tank_75mm_Gun,The Anti-Tank 75mm Gun is a French and American World War I anti-tank unit .,Good vs. tanks.,Weak vs. gun infantry.,World War I,United States,Siege Factory,Anti-tank,"{'HP': '750', 'Attack': '45', 'Gun': '3', 'Speed': '13', 'Range': '5'}",None,None,"{'Wood': '100', 'Gold': '80'}",1
APC,"The APC, short for Armored Personnal Carrier, was used to keep the infantry from becoming fatigued or getting ambushed while travelling in hostile lands. It was especially important in WWII for the infantry to be able to keep up with the tanks. Today's modern APC was mostly the creation of a Canadian general named Guy Simonds.[1]",Good vs. infantry.,Weak vs. Tanks and anti-tank units.,World War I,United Kingdom,Siege Factory,Transport,"{'HP': '1,100', 'Attack': '45', 'Transport capacity': '8', 'Speed': '20', 'Range': '5'}",Armory,"['Transports', 'units']","{'Food': '90', 'Gold': '110'}",2
Archer_(Empires),The Archer is the Frankish foot archer . It is trained at the Barracks in the Medieval Age.,Good vs. spear units and cavalry archers.,Weak vs. sword units.,Medieval Age,Franks,Barracks,Foot archer,"{'HP': '345', 'Attack': '10', 'Pierce': '3', 'Speed': '12', 'Range': '5'}",None,None,"{'Wood': '45', 'Gold': '55'}",1
Arkhangelsk_Battleship,"The USSR Arkhangelsk, as it was later christened, played a small role in Soviet Navy, however, weighing 27,500 tons and armed with eight 15-inch turrets, the Arkhangelsk was certainly not a force to be trifled with.[1]","Good vs. Fighters, Fishing Boats, and Transports.",Weak vs. Submarines and siege weapons.,World War II,Russia,Dock,Battleship,"{'HP': '5,185', 'Attack': '215', 'Area Effect': '10', 'Speed': '13', 'Range': '7'}",None,None,"{'Wood': '170', 'Gold': '200'}",2
Armored_Car,"Russia ordered a few dozen armored cars from the British Austin Motor Company in 1914 and more in subsequent years. The cars were found to be vulnerable and were given thicker armor at the Putilovski factory in Russia. None of the improved vehicles were ready before Russia withdrew from WWI. After the 1917 Revolutions, however, completed cars fell.[1]",Good vs. infantry.,weak vs. anti-tank units.,World War I,Russia,Tank Factory,Tank,"{'HP': '1,150', 'Attack': '40', 'Gun': '3', 'Speed': '17', 'Range': '5'}",None,None,"{'Food': '90', 'Gold': '110'}",2
Arquebusier_(Empires),The Arquebusier is an English gun infantry unit . ,Good vs. gun cavalry and sword infantry.,Weak vs. sword cavalry and field weapons.,Gunpowder Age,England,Barracks,Gun Infantry,"{'HP': '470', 'Attack': '19', 'Speed': '13', 'Range': '5'}",None,None,"{'Food': '65', 'Gold': '55'}",1
Artillerie,"The Artillerie is a French World War I field weapon . It can fire a smokescreen shell that temporarily lowers the Line of Sight and range of enemies within the smokescreen (100 power, hotkey S).",Good vs. buildings and infantry.,Weak vs. tanks and anti-tank units.,World War I,France,Siege Factory,Field weapon,"{'HP': '850', 'Attack': '150', 'Speed': '9', 'Power': '100', 'Range': '10'}",None,None,"{'Wood': '220', 'Gold': '280'}",2
B-17_Flying_Fortress,"And like its historical counterpart, the Flying Fortress is best used en masse. Where one B-17 will annoy an enemy, a fleet of a six or twelve will ruthlessly destroy most attacking armies or forward cities. Launched from safe havens well back from the front lines, the mighty Boeing might not win the war single-handed, but it will move the American war effort much closer to victory. It's offensive power and defensive durability make the B-17 much more than just another air unit. Properly used, it should be a mainstay of the US war machine.[1]",Good vs. land units.,Weak vs. anti-air units and Fighters.,World War II,United States,Siege Factory,Bomber,"{'HP': '1,125', 'Attack': '165', 'Area Effect': '14', 'Speed': '22', 'Flight time': '120'}",None,"['Multiple', 'bombing', 'passesDetects', 'stealthy', 'units']","{'Wood': '240', 'Gold': '320'}",1
B-29_Superfortress,"`Not surprisingly, the successful American player in Empires will be the one who knows when to commit the Superfortress and its atomic payload, and when to hold off and pound the enemy with more conventional attacks, like those from the B-29's smaller sibling, the B-17 ""Flying Fortress."" Once the target city is sufficiently prepared-and its air defenses seriously weakened or destroyed-the B-29 can then be the true war-winning weapon it was in history. From its glistening silver fuselage to the awesome power of its atomic payload, the Superfortress stands as the very symbol of American power as the United States takes its place as a superpower on the world's stage.[1]",Good vs. all land and sea units. Drops an atomic bomb that devastates a large area.,Expensive. Weak vs. anti-air units and Fighters.,World War II,United States,Airport,Atomic bomber,"{'HP': '1,000', 'Attack': '20,000', 'Area Effect': '35', 'Speed': '22', 'Flight time': '120'}",Armory,None,"{'Wood': '1,000', 'Gold': '1,000'}",1
B1-bis_Tank,"Its Bulldoze ability can inflict heavy damage on an adjacent unit by running over it (100 power, hotkey B).",Good vs. infantry.,Weak vs. anti-tank units.,World War II,France,Tank Factory,Tank,"{'HP': '2,200', 'Attack': '95', 'Gun': '3', 'Speed': '14', 'Power': '100', 'Range': '5'}",None,None,"{'Food': '160', 'Gold': '220'}",2
Ballista_(Empires),"The Ballista is the Frankish Field Weapon of the Medieval Age , available at the Siege Factory.",Good vs. foot archers and buildings.,Weak vs. sword cavalry and spear cavalry.,Medieval Age,Franks,Siege Factory,Field Weapon,"{'HP': '400', 'Attack': '75', 'Area Effect': '10', 'Speed': '10', 'Range': '7'}",None,None,"{'Wood': '160', 'Gold': '190'}",2
Barge,"The Barge is the naval support unit of the English , available from the Gunpowder Age onwards. It passively repairs nearby friendly ships, and is able to fire a chain shot to immobilize enemy ships as its special action (50 power, hotkey C).",Can repair friendly ships and fire chain shots to immobilize enemy ships.,Weak vs. Battleships.,Gunpowder Age,England,Dock,Support Unit,"{'HP': '1,000', 'Speed': '13', 'Power': '100'}",None,"['Chain', 'Shot']","{'Wood': '90', 'Gold': '80'}",2
Berserk,The Berserk is the Frankish Heavy Infantry of the Medieval Age . It can be trained from the Barracks. It throws axes that will damage units behind the initial target.,Good vs. melee units.,Weak vs. archers.,Medieval Age,Franks,Barracks,Heavy Infantry,"{'HP': '280', 'Attack': '50', 'Speed': '14', 'Range': '2'}",Armory,None,"{'Wood': '70', 'Gold': '55'}",1
Big_Bertha_Artillery,"The Big Bertha was the most powerful artillery piece in the world in 1914, able to fire one-ton shells over nine miles. It was named after the wife of the manufacturer’s owner.[1]",Good against buildings and infantry.,Weak vs. tanks.,World War I,Germany,Siege Factory,Field weapon,"{'HP': '750', 'Attack': '200', 'Area Effect': '16', 'Speed': '9', 'Power': '100', 'Range': '11'}",None,"['Deadly', 'Cloud']","{'Wood': '250', 'Gold': '350'}",2
Bismarck,"The Germans sent the 51,000-ton Bismarck to harass Allied shipping in 1941. The British quickly organized a large naval task force to intercept the mighty battleship. On May 27, battered and unable to return fire, Bismarck capsized 600 miles off the coast of France.[1]","Good vs. Fighters, Fishing Boats, and Transports.",Weak vs. submarines and siege weapons.,World War II,Germany,Dock,Battleship,"{'HP': '8,080', 'Attack': '305', 'Area Effect': '10', 'Speed': '13', 'Range': '7'}",None,None,"{'Wood': '285', 'Gold': '315'}",2
BL_6_in._Howitzer,The BL 6 in. Howitzer is a siege weapon of the United Kingdom .,Buildings and infantry.,Tanks and anti-tank units.,World War I,United Kingdom,Siege Factory,Siege Weapon,"{'HP': '600', 'Attack': '115', 'Speed': '11', 'Range': '8'}",None,None,"{'Wood': '200', 'Gold': '235'}",2
Bomb_Slinger,"A sophisticated variant of early gunpowder weapons was a bomb with a timed fuse. In addition to mortars, cheaper slings were employed so men could throw bombs a good distance by hand.[1]",Good vs. buildings and groups of enemies.,Weak vs. single units.,Gunpowder Age,Korea,Barracks,Field Weapon,"{'HP': '300', 'Attack': '150', 'Area Effect': '10', 'Speed': '13', 'Power': '100', 'Range': '5'}",Armory,None,"{'Food': '135', 'Gold': '115'}",1
Bombard_(Empires),"The Bombard is a Frankish siege weapon of the Gunpowder Age , available at the Siege Factory.",Good vs. buildings and gun infantry.,Weak vs. sword cavalry.,Gunpowder Age,Franks,Siege Factory,Siege Weapon,"{'HP': '800', 'Attack': '150', 'Gun': '11', 'Speed': '11', 'Range': '8'}",None,None,"{'Wood': '200', 'Gold': '250'}",2
C-47_Dakota,A number of C-47s were sent from the US to the UK during WWII to act as air transports and paratroop planes. Dakotas dropped troops before dawn on D-Day.[1],None,None,World War II,United Kingdom,Airport,Support,"{'HP': '1,190', 'Speed': '22', 'Flight time': '100'}",Armory,"['Drops', 'infantry']","{'Wood': '355', 'Gold': '475'}",8
C-47_Skytrain,"Bridging the often-vast distance between factory and battlefield, the C-47 gives the American player a versatile and dramatic way to take the fight to the enemy. Disregarding terrain and obstacles, the mighty Dakota carries the fight to the enemy, dropping a powerful military force where and when the American player desires, and with no way for the enemy to counter the attack. Once on the ground these forces have to fend for themselves, but their appearance where least expected is sure to discomfort even the most prepared foe. That's to be expected from a plane with as storied a history as the C-47, though. From North Africa to Normandy to Holland and into Germany, such heroic transport missions were the Dakota's bread and butter. In Empires, it continues this historic task.[1]",None,None,World War II,United States,Airport,Transport aircraft,"{'HP': '1,190', 'Transport capacity': '15', 'Speed': '22', 'Flight time': '100'}",Armory,None,"{'Wood': '275', 'Gold': '365'}",8
Caproni_Bomber,"In an era when airpower is still in its formative period, and defenses are not yet fully developed, the Caproni offers the Americans a chance to break the deadlock of grinding ground offensives. Striking deep into enemy territory, more than a match for the primitive fighter planes of the era, these Italian stallions in American service show their thoroughbred lineage. Used in quantity, relying on their ability to absorb punishment and hit targets again and again, the Ca.36 should be a familiar sight in the skies above American territory-and the territory of the United States' enemies.[1]",Strong vs.land units.,Weak vs. anti-air units and Fighters.,World War I,United States,Airport,Bomber,"{'HP': '810', 'Attack': '135', 'Area Effect': '12', 'Speed': '22', 'Flight time': '100'}",None,"['Can', 'make', 'multiple', 'bombing', 'passesDetects', 'stealthy', 'units']","{'Wood': '240', 'Gold': '320'}",1
Carabineer_(Empires),The Carabineer is a Frankish gun cavalry unit .,Good vs. sword cavalry and spear infantry.,Weak vs. gun infantry.,Gunpowder Age,Franks,Stable,Gun Cavalry,"{'HP': '690', 'Attack': '32', 'Shock': '5', 'Speed': '18', 'Range': '4'}",None,None,"{'Food': '85', 'Gold': '105'}",2
Cardinal,"Perhaps the best known French Cardinal is Cardinal Richelieu, who became France's Prime Minister under King Louis XIII in 1624. He is generally credited with helping to re-establish France as a strong European power in the 17th Century.[1]","Can see stealthy enemies, destroy buildings, and infect units.",No attack. Countered by any unit.,Medieval Age,Franks,Church,Priest,"{'HP': '375', 'Speed': '11', 'Power': '200', 'Range': '6'}",None,['EarthquakePlague'],"{'Food': '135', 'Gold': '165'}",2
Cavalier,"The Cavalier is the English sword cavalry of the Gunpowder Age , trained from the Stable.",Strong vs. gun infantry and foot archers.,Weak vs. gun cavalry and spear infantry.,Gunpowder Age,England,Stable,Sword Cavalry,"{'HP': '1,010', 'Attack': '30', 'Arrow': '1', 'Gun': '5', 'Speed': '18'}",None,None,"{'Food': '85', 'Gold': '105'}",2
Ch%27ing_Musketeer,"The Ch'ing Musketeer is the Chinese gun infantry unit of the Imperial Age . It is upgraded from the Flintlock Infantry for 20 Gold , and can be trained at the War Camp.","Good vs. gun cavalry, spear infantry, and sword infantry.",weak vs. sword cavalry and field weapons.,Imperial Age,China,War Camp,Gun infantry,"{'HP': '260', 'Attack': '13', 'Speed': '13', 'Range': '4'}",None,None,"{'Food': '35', 'Gold': '25'}",1
Chevalier,"The Chevalier is the Frankish spear cavalry of the Medieval Age , trained at the Stable. It can call a Noble Charge to temporarily increase the speed of nearby allied units (50 power, hotkey 50).",Good vs. sword units.,Weak vs. archers.,Medieval Age,Franks,Stable,Spear Cavalry,"{'HP': '875', 'Attack': '35', 'Shock': '4', 'Speed': '18', 'Power': '100'}",None,None,"{'Food': '110', 'Gold': '140'}",2
Choson_Battleship,"The Choson Battleship is the ultimate Korean battleship of the Imperial Age , available to upgrade from the Turtle Boat for 95 Gold . It can transport land units across water.",Good vs. Fishing Boats and Transports.,Weak vs. siege weapons and other Battleships.,Imperial Age,Korea,Dock,Battleship,"{'HP': '6,160', 'Attack': '180', 'Transport capacity': '14', 'Speed': '11', 'Range': '6'}",None,None,"{'Wood': '270', 'Gold': '330'}",2
Choson_Flail_Cavalry,"The Choson Flail Cavalry is the Korean sword cavalry of the Gunpowder Age , available at the Stable. It is upgraded from the Mounted Flail for 75 Gold .",Good vs. gun infantry.,Weak vs. spear infantry and gun cavalry.,Medieval Age,Korea,Stable,Sword cavalry,"{'HP': '1,110', 'Attack': '37', 'Arrow': '1', 'Gun': '5', 'Speed': '18'}",None,None,"{'Food': '100', 'Gold': '120'}",2
Choson_Musketeer,"Like other Korean infantry, it can use Martial Arts to temporarily increase its speed and rate of attack, which will afterwards decrease in a short recovery period (100 power, hotkey M). ",Good vs. spear infantry and gun cavalry.,Weak vs. sword cavalry.,Imperial Age,Korea,Barracks,Gun infantry,"{'HP': '560', 'Attack': '31', 'Speed': '13', 'Power': '100', 'Range': '4'}",None,None,"{'Food': '90', 'Gold': '80'}",1
Choson_Sword_Cavalry,The Choson Sword Cavalry is a Korean sword cavalry unit . It is upgraded from the Choson Flail Cavalry for 75 Gold .,Good vs. gun infantry.,Weak vs. spear infantry and gun cavalry.,Imperial Age,Korea,Stable,Sword cavalry,"{'HP': '1,325', 'Attack': '44', 'Gun': '7', 'Speed': '18'}",None,None,"{'Food': '100', 'Gold': '120'}",2
Choson_Trident,"Its attack can stun cavalry. Like other Korean infantry, it can also use Martial Arts to temporarily increase its speed and rate of attack, which will afterwards decrease in a short recovery period (100 power, hotkey M). ",Good vs. sword units.,Weak vs. archers and gun infantry.,Gunpowder Age,Korea,Barracks,Spear infantry,"{'HP': '638', 'Attack': '28', 'Shock': '2', 'Speed': '13', 'Power': '100'}",None,None,"{'Food': '80', 'Gold': '40'}",1
Chu-ko-nu,"Known in Chinese as a Chu-Ko-Nu, this ""repeating crossbow"" held a magazine of bolts that could be fired in rapid succession.[1]",Good vs. groups of enemies.,Countered by any unit.,Medieval Age,China,War Camp,None,"{'HP': '250', 'Attack': '65', 'Speed': '12', 'Power': '100', 'Range': '6'}",Armory,None,"{'Wood': '120', 'Gold': '100'}",1
Cog_Warship,"The Cog Warship is the Frankish battleship of the Medieval Age , built at the Dock.",Good vs. Fishing Boats and Transports.,Weak vs. siege weapons and other Battleships.,Medieval Age,Franks,Dock,Battleship,"{'HP': '1,875', 'Attack': '105', 'Area Effect': '10', 'Speed': '15', 'Range': '6'}",None,None,"{'Wood': '135', 'Gold': '165'}",2
Commando,The British army units originally used for small attacks on enemy beaches were called Commandos. These units were used all over the world during the war from Africa to France. Their secret and dangerous missions often were paramount to future operations.[1],"Good vs. Citizens. Stealthy, detects stealthy units, and can climb cliffs and traverse forests.",Weak vs. tanks.,World War I,United Kingdom,Barracks,Scout,"{'HP': '300', 'Attack': '50', 'Speed': '16', 'Power': '100'}",Armory,None,"{'Food': '80', 'Gold': '95'}",1
Commissar,Commissars were appointed to Red Army units to spread propaganda and ensure loyalty to the communist government.[1],"Can throw Molotov Cocktails, encourage allied units, and see stealthy units.",Weak on his own.,World War I,Russia,Barracks,Support infantry,"{'HP': '700', 'Attack': '20', 'Speed': '13', 'Power': '100', 'Range': '6'}",Armory,"['Molotov', 'CocktailEncouragement']","{'Food': '180', 'Gold': '180'}",1
Commoner,"Chinese Commoners can construct siege and field weapons: the Fork Cart in the Medieval and Gunpowder Age, the Siege Crossbow in the Gunpowder and Imperial Age, and the Barbarian Cannon in the Imperial Age. They can also forecast a Monsoon, which creates an area with heavy rain and wind that slows down enemy land and sea units, and damages air units. The player can control the Monsoon like a unit (75 power, hotkey M).","Good vs. animals. Can construct and repair buildings, and gather resources.",Weak vs. any unit.,Medieval Age,China,Town Center,Citizen,"{'HP': '250', 'Speed': '11', 'Range': '2'}",None,None,{'Food': '(China)50'},1
Companion_Archer,"Some young Chinese men, not unlike knightly squires, were called upon to serve a man of higher rank. It became their sworn duty to protect their lords, even bearing a shield for them into battle.[1]",Good vs. archers.,Weak vs. melee units.,Medieval Age,China,War Camp,Foot Archer,"{'HP': '350', 'Attack': '40', 'Speed': '12', 'Range': '5'}",Armory,None,"{'Wood': '110', 'Gold': '90'}",1
Comrade,"The Comrade can turn into a Revolutionary for 175 Wood . Revolutionaries can self-detonate, causing widespread damage.","Good vs. animals. Can construct and repair buildings, and gather resources.",Weak vs. any unit.,World War I,Russia,Town Center,Citizen,"{'HP': '400', 'Attack': '7', 'Speed': '11', 'Range': '2'}",None,['Revolutionary'],{'Food': '40'},1
Conscript,"In the Soviet Union, military service was compulsory for all males once they turned 18. These conscripts were usually poorly trained, inexperienced youths, who fought to their deaths for the Motherland. In Empires, Conscripts remain true to their real life counterparts. Armed only with their fallen comrade's rifle, these weak infantry troops can be produced in great numbers relatively cheaply.[1]",Good vs. anti-tank units.,Weak vs. tanks and field weapons.,World War I,Russia,Town Center,Gun Infantry,"{'HP': '310', 'Attack': '18', 'Speed': '13', 'Range': '5'}",None,None,"{'Food': '35', 'Gold': '25'}",1
Cossack,"The Cossacks settled southern Ukraine in the 15th Century, trading military service in return for political autonomy. They were reactivated to fight in both world wars.[1]",Good vs. gun infantry and Citizens.,Weak vs. tanks and anti-tank units.,World War I,Russia,Barracks,Scout,"{'HP': '725', 'Attack': '86', 'Gun': '4', 'Speed': '18', 'Power': '100'}",Armory,['Charge'],"{'Food': '80', 'Gold': '105'}",2
Courbet_Battleship,The Courbet Battleship is a French World War I battleship .,"Good vs. Fighters, Fishing Boats, and Transports.",Weak vs. submarines and siege weapons.,World War I,France,Dock,Battleship,"{'HP': '3,240', 'Attack': '150', 'Area Effect': '10', 'Speed': '18', 'Range': '7'}",None,None,"{'Wood': '135', 'Gold': '165'}",2
Crossbowman_(Empires),"The Crossbowman is an English foot archer . The Flaming Bolt ability sets its target on fire, doing continual damage over time (75 power, hotkey F).",Good vs. melee units.,Weak vs. ranged units.,Medieval Age,England,Barracks,None,"{'HP': '280', 'Attack': '30', 'Speed': '16', 'Power': '150', 'Range': '4'}",None,None,"{'Wood': '135', 'Gold': '115'}",1
Crusader,"In 1095 Pope Urban II travelled to France, urging the Franks to launch holy war to retake the Holy Lands from the Muslims.[1]",Good vs. archers.,Weak vs. spear units.,Medieval Age,Franks,Stable,Sword Cavalry,"{'HP': '710', 'Attack': '50', 'Speed': '18', 'Power': '100'}",Armory,None,"{'Food': '110', 'Gold': '130'}",2
Crusader_II,The Crusader tank was the standard tank for British forces for much of World War II with over five thousand made. It eventually was retired after the Cromwell Tank was made. The early models were quickly outclassed by the Axis leading to the creation of the Crusader II.[1],Good vs. infantry.,Weak vs. anti-tank units.,World War II,United Kingdom,Tank Factory,Tank,"{'HP': '2,850', 'Attack': '132', 'Gun': '3', 'Speed': '14', 'Range': '5'}",None,None,"{'Food': '170', 'Gold': '210'}",2
Cuirassier_(Empires),"The Cuirassier is the English gun cavalry of the Gunpowder Age , trained from the Stable.",Strong vs. sword cavalry.,Weak vs. gun infantry.,Gunpowder Age,England,Stable,Gun Cavalry,"{'HP': '625', 'Attack': '45', 'Shock': '5', 'Speed': '18', 'Range': '4'}",None,None,"{'Food': '100', 'Gold': '120'}",2
Culverin_(Empires),"The Culverin is an English field weapon, available from the Gunpowder Age on . It is able to use the Bombardment ability, allowing it to fire over walls like a siege weapon.",Good vs. spear and gun infantry.,Weak vs. sword and spear cavalry.,Gunpowder Age,England,Siege Factory,Field Weapon,{},None,None,"{'Wood': '160', 'Gold': '190'}",2
D-2_Submarine,"The D-2 Submarine is a Russian submarine of World War I , available to be built from the Dock. It is stealthy and can detect other stealthy units.",Good vs. Battleships and Transports.,Weak vs. Fighters and towers.,World War I,Russia,Dock,Submarine,"{'HP': '1,620', 'Attack': '410', 'Speed': '14', 'Range': '7'}",None,None,"{'Wood': '145', 'Gold': '155'}",2
Dewoitine_Fighter,The Dewoitine Fighter is a French World War II fighter aircraft . It is upgraded from the Spad XIII Fighter for 95 Gold .,Good vs. Bombers and land units. Can detect stealthy units.,Weak vs. anti-air units.,World War II,France,Airport,Fighter,"{'HP': '500', 'Attack': '31', 'Speed': '24', 'Flight time': '150', 'Range': '8'}",None,None,"{'Wood': '130', 'Gold': '170'}",1
Dog,"The Dogs is a German World War I scout unit . It has a good Line of Sight, and can pass through forests.",Good Line of Sight.,Cannot attack.,World War I,Germany,Town Center,Scout,"{'HP': '180', 'Speed': '17'}",None,None,{'Food': '50'},None
Doughboy_(Empires),"The Doughboys have a long history. The Doughboys were the men America sent to France in the Great War, and fought to make the world safe for democracy. The expression doughboy, though, was in wide circulation a century before the First World War in both Britain and America, albeit with some very different meanings. Because of the occasional contact of the two nation's armed force and transatlantic migration, it seems likely that this usage was known to the members of the U.S. Army by the early 19th century. In the end, it was established that a ""doughboy"" was an American infantryman in World War 1.[1]",Good vs. anti-tank units.,Weak vs. tanks and field weapons.,World War I,United States,Barracks,Gun infantry,"{'HP': '530', 'Attack': '24', 'Speed': '13', 'Power': '100', 'Range': '5'}",None,['Charge!'],"{'Food': '50', 'Gold': '40'}",1
Dragoon_(Empires),"The Dragoon is the English gun cavalry of the Imperial Age , trained from the Stable. It is upgraded from the Cuirassier for 75 Gold .",Strong vs. sword infantry.,Weak vs. gun infantry.,Imperial Age,England,Stable,Gun Cavalry,"{'HP': '750', 'Attack': '54', 'Shock': '8', 'Speed': '18', 'Range': '5'}",None,None,"{'Food': '100', 'Gold': '120'}",2
Engineer_(Empires),"The Corps of Engineers was formed in 1802. In World War I, the first US troops in Europe were engineers. They helped construct rail lines, roads, bridges and other structure.[1]","Can repair mechanical ground units, capture enemy buildings, lay mine fields, and detect stealthy units.",Cannot attack.,World War I,United States,Barracks,Support infantry,"{'HP': '600', 'Speed': '12', 'Power': '100'}",Armory,"['RepairLay', 'Mine', 'FieldCapture', 'BuildingDetect', 'stealthy', 'units']","{'Food': '100', 'Gold': '80'}",1
Falcon,"The Falcon is the flying scout unit of the Koreans . It is available from the Medieval Age onward, and is trained at the Town Center.",Flying unit with god line of sight.,"Cannot attack.
Weak vs. archers and towers.",Medieval Age,Korea,Town Center,Scout,"{'HP': '60', 'Speed': '14'}",None,None,{'Food': '80'},1
Fire_Cart,"Late models of the fire cart were capable of firing 100 rocket arrows almost simultaneously, causing havoc among an enemy formation unlucky enough to be caught in the weapon’s fearsome hail of missiles.[1]",Good against archers.,Weak vs. sword and spear cavalry.,Medieval Age,Korea,Siege Factory,Field Weapon,"{'HP': '350', 'Attack': '50', 'Area Effect': '18', 'Speed': '10', 'Range': '7'}",Armory,None,"{'Wood': '135', 'Gold': '165'}",2
Fire_Galley,"Before the preeminence of cannon, one of the most effective ship-based weapons was Greek fire. This flammable liquid streamed from a nozzle mounted on a ship’s deck and burst into flame on enemy targets.[1]",Good vs. Fishing Boats and Transports.,Weak vs. Battleships and siege weapons.,Gunpowder Age,Franks,Dock,None,"{'HP': '2,000', 'Attack': '190', 'Speed': '13', 'Range': '2'}",None,None,"{'Wood': '100', 'Gold': '120'}",2
Fire_Oxen,"Introduced to Korea by China, fire oxen were live animals fitted with explosives. Troops stampeded the unfortunate creatures toward enemy lines, where they exploded in spectacular fashion.[1]","Good vs spear infantry, sword cavalry, and Citizens.",Weak vs. gun units.,Imperial Age,Korea,Siege Factory,Field weapon,"{'HP': '125', 'Attack': '50', 'Speed': '18'}",Armory,None,"{'Food': '90', 'Gold': '110'}",2
Fishing_Bateau_(France),"The Fishing Bateau is the French Fishing Ship , built at the Dock. It gathers fish and returns to the nearest Dock.",Can gather food.,Cannot attack.,World War I,France,Dock,Fishing Boat,"{'HP': '1,100', 'Speed': '18'}",None,None,{'Wood': '50'},1
Fishing_Bateau_(Franks),"The Fishing Bateau is the Frankish Fishing Ship , built at the Dock. It gathers fish and returns to the nearest Dock.",Can gather food.,Cannot attack.,Medieval Age,Franks,Dock,Fishing Ship,"{'HP': '750', 'Speed': '17'}",None,None,{'Wood': '50'},1
Fishing_Junk_(Empires),"The Fishing Bateau is the Frankish Fishing Ship , built at the Dock. It gathers fish and returns to the nearest Dock.",Can gather food.,Cannot attack.,Medieval Age,Franks,Dock,Fishing Ship,"{'HP': '750', 'Speed': '17'}",None,None,{'Wood': '50'},1
Flag_Spearman,"Its attack can stun cavalry. Like other Korean infantry, it can also use Martial Arts to temporarily increase its speed and rate of attack, which will afterwards decrease in a short recovery period (100 power, hotkey M). ",Good vs. sword units.,Weak vs. gun units.,Imperial Age,Korea,Barracks,Spear infantry,"{'HP': '760', 'Attack': '33', 'Shock': '2', 'Speed': '13', 'Power': '100'}",None,None,"{'Food': '80', 'Gold': '40'}",1
Flamethrower_(Empires),The Flamethrower is a French World War I heavy infantry unit .,"Good vs. buildings, Citizens, and Scouts.",Weak vs. tanks and anti-tank units.,World War I,France,Barracks,Heavy infantry,"{'HP': '600', 'Attack': '50', 'Area Effect': '5', 'Speed': '16', 'Range': '2'}",Armory,None,"{'Food': '90', 'Gold': '50'}",1
Flintlock_Infantry,"The Chinese Flintlock Infantry were small infantry groups which had guns or pistols with a Flintlock. Flintlocks were a lock for a pistol that had a flint in the hammer for striking a spark to ignite the charge. A flint was massive hard quartz, which produced a spark when struck by steel. This fired the gun.[1]","Good vs. gun cavalry, spear infantry, and sword infantry.",Weak vs. sword cavalry and field weapons.,Gunpowder Age,China,War Camp,None,"{'HP': '210', 'Attack': '11', 'Gun': 'Flintlock', 'Speed': '13', 'Range': '4'}",None,None,"{'Food': '40', 'Gold': '20'}",1
Foochow_Battleship,The Foochow Battleship is the Chinese battleship of the Gunpowder Age . It is available to be upgraded from Flying Tiger Warship for 50 Gold  and can be built from the Dock.,Good vs. Fishing Boats and Transports.,Weak vs. other battleships and siege weapons.,Gunpowder Age,China,Dock,Battleship,"{'HP': '1,650', 'Attack': '81', 'Transport capacity': '14', 'Speed': '11', 'Range': '8'}",None,None,"{'Wood': '100', 'Gold': '120'}",2
Fork_Cart,"The Fork Cart is a Chinese Medieval Age siege weapon  that is built by Commoners. It is effective against buildings, walls, towers, and ships, but cannot attack land units.",Good vs. buildings.,Weak vs. land units.,Medieval Age,China,Dock,Siege weapon,"{'HP': '625', 'Attack': '130', 'Speed': '11'}",None,None,"{'Wood': '135', 'Gold': '165'}",2
Freedom_Fighter,The Freedom Fighter is a French scout unit of World War I '.,Good vs. infantry and Citizens.,Weak vs. Tanks and anti-tank units.,World War I,France,Tank Factory,Scout,"{'HP': '450', 'Attack': '60', 'Speed': '24', 'Range': '4'}",Armory,None,"{'Food': '95', 'Gold': '55'}",1
FT-17_Light_Tank,"The FT-17 Renault was a French tank made around 1917 as a light, cheap, and easy to produce tank. The tank quickly proved itself, used mostly as forerunner of the infantry. It was the first tank of it's kind, whose model would by used for all future tank including its 360 degree turret gun, the first for tanks. After the war, many countries including the US would import and create their own modified FT-17s.[1]",Good vs. infantry.,Weak vs. anti-tank units.,World War I,United States,Tank Factory,Tank,"{'HP': '2,300', 'Attack': '100', 'Gun': '3', 'Speed': '14', 'Range': '5'}",None,None,"{'Food': '155', 'Gold': '195'}",2
Fusilier,The Fusilier is a Frankish gun infantry unit .,"Good vs. gun cavalry, spear infantry, and sword infantry.",Weak vs. sword cavalry and field weapons.,Gunpowder Age,Franks,Barracks,Gun Infantry,"{'HP': '345', 'Attack': '17', 'Speed': '13', 'Range': '4'}",None,None,"{'Food': '55', 'Gold': '45'}",1
G.I.,"The term ""G.I."" originally meant galvanized iron but in World War I, it was used to describe any ""Government Issued"" items and finally ""General Infantry."" This is a general term to describe any American infantry. During World War II, most American infantry would normally carry a M1 Carbine, M1 Garand, a Browning Automatic Rifle, or a Thompson submachine gun. Weapons of a G.I. would vary depending on specific role, terrain, and climate. But all the noted weapons are either semi or fully automatic, giving the G.I. an advantage over your average army of the time.",Good vs. anti-tank units.,Weak vs. tanks and field weapons.,World War II,United States,Barracks,Gun infantry,"{'HP': '640', 'Attack': '27', 'Speed': '13', 'Power': '100', 'Range': '5'}",None,['Charge!'],"{'Food': '65', 'Gold': '55'}",1
Gatling_Gun_(Empires),"Korea and the United States signed a formal treaty of friendship in 1882. Exchanges between the two countries followed, and modern weapons, such as the Gatling gun, were brought to Korea in an effort to modernize her military.[1]",Good against gun and spear infantry.,Weak vs. sword cavalry.,Imperial Age,Korea,Siege Factory,Field Weapon,"{'HP': '700', 'Attack': '100', 'Speed': '10', 'Range': '5'}",Armory,None,"{'Wood': '180', 'Gold': '220'}",2
Gato_Class_Sub,"Korea and the United States signed a formal treaty of friendship in 1882. Exchanges between the two countries followed, and modern weapons, such as the Gatling gun, were brought to Korea in an effort to modernize her military.[1]",Good against gun and spear infantry.,Weak vs. sword cavalry.,Imperial Age,Korea,Siege Factory,Field Weapon,"{'HP': '700', 'Attack': '100', 'Speed': '10', 'Range': '5'}",Armory,None,"{'Wood': '180', 'Gold': '220'}",2
Grenadier_(Empires),The Grenadier is a Frankish gun infantry unit . It is upgraded from the Fusilier for 35 Gold .,"Good vs. gun cavalry, spear infantry, and sword infantry.",Weak vs. sword cavalry and field weapons.,Imperial Age,Franks,Barracks,Gun Infantry,"{'HP': '410', 'Attack': '20', 'Speed': '13', 'Range': '4'}",None,None,"{'Food': '55', 'Gold': '45'}",1
Handly_Page_Bomber,The Handly Page Bomber is a World War I bomber plane of the United Kingdom .,Good vs. land units.,Weak vs. anti-air units and Fighters.,World War I,United Kingdom,Airport,Bomber,"{'HP': '690', 'Attack': '180', 'Area Effect': '20', 'Speed': '22', 'Flight time': '90'}",None,"['Detects', 'stealthy', 'unitsCollapses', 'mines']","{'Wood': '230', 'Gold': '300'}",1
Heavy_Artillery,The Heavy Artillery is a Russian World War I field weapon .,Good vs. buildings and infantry.,Weak vs. tanks and anti-tank units.,World War I,Russia,Siege Factory,Field Weapon,"{'HP': '400', 'Attack': '90', 'Area Effect': '16', 'Speed': '9', 'Range': '10'}",None,None,"{'Wood': '175', 'Gold': '225'}",2
Hellcat,"As the cornerstone of a seagoing air force, the Hellcat is an aircraft that Empire players will come to love, or fear, depending on which side they are playing. Capable of striking land, air, and naval targets with equal ease, and launching from mobile and hard to catch carrier forces, the F6F can change the course of a game, just as it helped the USN change the course of the Pacific war against Japan.[1]",Good vs. bombers and land units.,Weak vs. anti-air units and gun infantry.,World War II,United States,USS Enterprise,Naval fighter,"{'HP': '625', 'Attack': '24', 'Speed': '24', 'Flight time': '125', 'Range': '8'}",None,None,"{'Food': '100', 'Gold': '100'}",1
Higgins_Boat,The Higgins Boat is a American World War I transport ship .,Can transport land units across water.,Cannot attack.,World War I,United States,Dock,Transport,"{'HP': '1,200', 'Transport capacity': '14', 'Speed': '11'}",None,None,"{'Wood': '125', 'Gold': '65'}",1
Highlander,"Only the clan leaders - the ""knights"" of Scotland's patchwork social structure -- could afford a Claymore, a helmet, and a coat of mail, and they spent more time squabbling amongst themselves than they did working to turn Scotland into a unified nation. But when the English tried to conquer the Highlands, they stood united. And there were many such men who brought to the battlefield some measure of Wallace's integrity, courage, and charisma; under such commanders, even an army of half-starved peasants could fight like lions.[1]",Good vs. sword and spear infantry.,Weak vs. archers.,Medieval,England,Barracks,Heavy Infantry,"{'HP': '350', 'Attack': '40', 'Speed': '13', 'Power': '100'}",Armory,None,"{'Food': '110', 'Gold': '65'}",1
HMS_Dreadnought,"The Dreadnought brought a new era in battleship design demanding bigger, better, and more guns. The Dreadnought was so influential that all previous battleships were named Pre-Dreadnoughts. The Dreadnought was actually the product of a naval race which happened before WWI leading to the expansion of many of the world's battleships.[1]","Good vs. Fighters, Fishing Boats, and Transports.",Weak vs. Submarines and siege weapons.,World War I,United Kingdom,Dock,Battleship,"{'HP': '6,050', 'Attack': '240', 'Area Effect': '10', 'Speed': '13', 'Range': '7'}",None,None,"{'Wood': '110', 'Gold': '220'}",2
HMS_King_George_V,"One battleship can be designated to be the Flagship, which means it can fire Incendiary Shells.","Good vs. Fighters, Fishing Boats, and Transports.",Weak vs. submarines and siege weapons.,World War II,United Kingdom,Dock,Battleship,"{'HP': '7,255', 'Attack': '290', 'Area Effect': '10', 'Speed': '13', 'Range': '7'}",None,None,"{'Wood': '110', 'Gold': '220'}",2
Hussar_(Empires),"In the Napoleonic Wars, General LaSalle, perhaps the greatest cavalry commander of the war, commanded the 5th and 7th Hussars, called the ""Brigade Infernale"". In 1806, LaSalle and 900 Hussars captured a fortress and some 6,000 Prussians without firing a shot.[1]",Good vs. gun infantry.,Weak vs. gun cavalry and spear infantry.,Gunpowder Age,Franks,Stable,Sword cavalry,"{'HP': '940', 'Attack': '42', 'Arrow': '1', 'Gun': '5', 'Speed': '18'}",Armory,None,"{'Food': '105', 'Gold': '125'}",3
Ilya_Mourmetts_Bomber,The Ilya Mourmetts Bomber is a Russian World War I bomber .,Good vs. anti-tank units and infantry.,Weak vs. anti-air units and Fighters.,World War I,Russia,Airport,Bomber,"{'HP': '625', 'Attack': '130', 'Area Effect': '25', 'Speed': '25', 'Flight time': '90'}",None,"['Detects', 'stealthy', 'units']","{'Wood': '190', 'Gold': '250'}",1
Infanterie,"The Infanterie is the French gun infantry of World War II , upgraded from the Poilu for 35 Gold  and trained at the Barracks.",Good vs. anti-tank units.,Weak vs. tanks and field weapons.,World War II,France,Barracks,Gun infantry,"{'HP': '600', 'Attack': '30', 'Speed': '13', 'Range': '5'}",None,None,"{'Food': '55', 'Gold': '45'}",1
K-class_Sub,The K-class Sub is a World War I submarine of the United Kingdom . It is a stealthy unit that can detect other stealthy units.,Good vs. Battleships and transports.,Weak vs. Fighters and Towers.,World War I,United Kingdom,Dock,Submarine,"{'HP': '2,250', 'Attack': '495', 'Speed': '14', 'Range': '6'}",None,None,"{'Wood': '125', 'Gold': '175'}",2
Katyusha_BM-13,"Katyusha rocket launcher's were mounted on Zis-6 trucks, and later on Studebakers sent from the US. With good speed and terrifying firepower, this mobile rocket launcher was much feared by the German infantry.[1]",Good vs. groups of units.,Weak vs. tanks.,World War II,Russia,Siege Factory,Field Weapon,"{'HP': '875', 'Attack': '250', 'Area Effect': '15', 'Speed': '11', 'Power': '100', 'Range': '8'}",Armory,None,"{'Food': '225', 'Gold': '275'}",1
Knight_(Empires),"The Knight is the English spear cavalry of the Medieval Age , trained from the Stable.",Strong vs. sword units.,Weak vs. archers.,Medieval Age,England,Stable,Spear Cavalry,"{'HP': '595', 'Attack': '26', 'Shock': '4', 'Speed': '18'}",None,None,"{'Food': '65', 'Gold': '85'}",2
Koryo_Battleship,"The Koryo Battleship is the Korean battleship of the Medieval Age . It can transport unit, and can later be upgraded to the Turtle Boat in the Gunpowder Age.",Good vs. Fishing Boats and Transports.,Weak vs. siege weapons and other Battleships.,Medieval,Korea,Dock,Battleship,"{'HP': '4,500', 'Attack': '140', 'Transport capacity': '14', 'Speed': '11', 'Range': '6'}",None,None,"{'Wood': '220', 'Gold': '280'}",2
Koryo_Hwarang,"The Hwarang were young men of the aristocracy, well educated and trained in martial arts to become elite warrior.[1]",Good vs. melee units.,Weak vs. ranged units.,Medieval Age,Korea,Barracks,Heavy infantry,"{'HP': '825', 'Attack': '40', 'Speed': '13', 'Power': '100'}",Armory,None,"{'Food': '125', 'Gold': '150'}",1
Koryo_Spearman,"The Koryo Spearman is the Korean spear infantry of the Medieval Age , available to be trained at the Barracks. Its attack can stun cavalry. Like other Korean infantry, it can also use Martial Arts to temporarily increase its speed and rate of attack, which will afterwards decrease in a short recovery period (100 power, hotkey M). ",Good vs. sword units.,Weak vs. archers.,Medieval Age,Korea,Barracks,Spear infantry,"{'HP': '500', 'Attack': '26', 'Pierce': '7', 'Shock': '5', 'Speed': '13', 'Power': '100'}",None,None,"{'Food': '90', 'Gold': '50'}",1
KV-8_Flame_Tank,"During this time, versions of the T-26 light tank (OT-26, OT-130 and OT-133) were used as flamethrower tanks. However they were too weak and too light. The experience of the Winter War showed that flame tanks became the first targets for any anti-tank defense. That's why more powerful and better protected tanks were needed.[2]",Good vs. infantry.,Weak vs. anti-tank units and tanks.,World War II,Russia,Barracks,Tank,"{'HP': '1,800', 'Attack': '35', 'Area Effect': '10', 'Speed': '14', 'Range': '2'}",Armory,None,"{'Food': '170', 'Gold': '210'}",2
K%C3%B6nig_Battleship,"The König Battleship is the German battleship of World War I, built at the Dock . It can later be upgraded to the Bismarck in World War II.","Good vs. Fighters, Fishing Boats, and Transports.",Weak vs. Submarines and siege weapons.,World War I,Germany,Dock,Battleship,"{'HP': '6,735', 'Attack': '255', 'Area Effect': '10', 'Speed': '13', 'Range': '7'}",Armory,None,"{'Wood': '285', 'Gold': '315'}",2
La_Couronne,La Couronne is the Frankish battleship of the Gunpowder Age . It is upgraded from the Cog Warship for 80 Gold  and is built at the Dock.,Good vs. Fishing Boats and Transports.,Weak vs. siege weapons and other Battleships.,Gunpowder Age,Franks,Dock,Battleship,"{'HP': '2,250', 'Attack': '125', 'Area Effect': '10', 'Speed': '15', 'Range': '6'}",None,None,"{'Wood': '135', 'Gold': '165'}",2
Lancaster_Bomber,The Lancaster Bomber is a World War II bomber plane of the United Kingdom . It is upgraded from the Handly Page Bomber for 165 Gold .,Good vs. land units.,Weak vs. anti-air units and Fighters.,World War II,United Kingdom,Airport,Bomber,"{'HP': '825', 'Attack': '215', 'Area Effect': '22', 'Speed': '22', 'Flight time': '110'}",None,"['Detects', 'stealthy', 'unitsCollapses', 'mines']","{'Wood': '230', 'Gold': '300'}",1
Lancer_(Empires),"The Lancer is the English sword cavalry of the Imperial Age , trained from the Stable. It is upgraded from the Cavalier for 65 Gold .",Strong vs. gun infantry.,Weak vs. gun cavalry and spear infantry.,Imperial Age,England,Stable,Sword Cavalry,"{'HP': '1,215', 'Attack': '36', 'Arrow': '1', 'Gun': '7', 'Speed': '18'}",None,None,"{'Food': '85', 'Gold': '105'}",2
Lancier,"The Lancier is a Frankish Sword Cavalry from the Imperial Age , available to upgraded from the Hussar for 75 Gold  and trained at the Stable.",Good vs. gun infantry.,Weak vs. spear infantry and gun cavalry.,Imperial Age,Franks,Stable,Sword Cavalry,"{'HP': '1,125', 'Attack': '50', 'Arrow': '1', 'Gun': '7', 'Speed': '18'}",None,None,"{'Food': '105', 'Gold': '125'}",3
Leo_451_Bomber,The Leo 451 Bomber is a French World War II bomber aircraft . It is upgraded from the Voisin V Bomber for 140 Gold .,Good vs. anti-tank units and infantry.,Weak vs. anti-air units and Fighters.,World War II,France,Airport,Bomber,"{'HP': '975', 'Attack': '175', 'Area Effect': '17', 'Speed': '22', 'Flight time': '135'}",None,None,"{'Wood': '200', 'Gold': '260'}",1
Longbowman,The Leo 451 Bomber is a French World War II bomber aircraft . It is upgraded from the Voisin V Bomber for 140 Gold .,Good vs. anti-tank units and infantry.,Weak vs. anti-air units and Fighters.,World War II,France,Airport,Bomber,"{'HP': '975', 'Attack': '175', 'Area Effect': '17', 'Speed': '22', 'Flight time': '135'}",None,None,"{'Wood': '200', 'Gold': '260'}",1
Longswordsman,"Such defensive prowess had a price, of course. While advancing with shields raised, the Longswordman were vulnerable to enemy melee attack, and his slower speed put him at particular risk from the enemy's cavalry. While rarely the unit of choice for sweeping maneuvers, the medieval Longswordman could drive stolidly into an adversary, presenting a potent melding of offensive and defensive strengths. Moving forward with the inexorable weight of England's expectations, these knights without horses made a very profitable trade of speed for protection , and laid the groundwork for converting an island to an Empire.[1]",Good vs. archers.,Weak vs. spear units.,Medieval Age,England,Barracks,None,"{'HP': '500', 'Attack': '20', 'Arrow': '3', 'Speed': '15'}",None,None,"{'Food': '80', 'Gold': '40'}",1
Lorraine_Battleship,The Lorraine Battleship is a French World War II battleship . It is upgraded from the Courbet Battleship for 95 Gold .,"Good vs. Fighters, Fishing Boats, and Transports.",Weak vs. submarines and siege weapons.,World War II,France,Dock,Battleship,"{'HP': '3,890', 'Attack': '180', 'Area Effect': '10', 'Speed': '18', 'Range': '7'}",None,None,"{'Wood': '135', 'Gold': '165'}",2
Louis_Royale,"The Louis Royale is the Frankish Battleship of the Imperial Age , available to be upgraded from the La Couronne battleship for 80 Gold . It is built at the Dock.",Good vs. Fishing Boats and Transports.,Weak vs. siege weapons and other Battleships.,Imperial Age,Franks,Dock,Battleship,"{'HP': '2,700', 'Attack': '150', 'Area Effect': '10', 'Speed': '15', 'Range': '6'}",None,None,"{'Wood': '135', 'Gold': '165'}",2
Man-At-Arms_(Empires),"The Man-At-Arms is the Frankish Sword Infantry of the Medieval Age , trained at the Barracks.",Good vs. archers.,Weak vs. spear units.,Medieval Age,Franks,Barracks,Sword Infantry,"{'HP': '350', 'Attack': '14', 'Arrow': '3', 'Speed': '13'}",None,None,"{'Food': '50', 'Gold': '30'}",1
Manchu_Spearman,"The Manchu Spearman is the Chinese spear infantry unit of the Imperial Age . It is upgraded from the Ming Spearman for 30 Gold , and can be trained at the War Camp.",Good vs. sword infantry and cavalry.,Weak vs. gun infantry and cavalry.,Imperial Age,China,War Camp,Spear infantry,"{'HP': '540', 'Attack': '25', 'Shock': '2', 'Speed': '13'}",None,None,"{'Food': '50', 'Gold': '30'}",1
Mark_V_Tank,"Tanks were developed to overcome the trench warfare of WWI, a concept championed by First Lord of the Admiralty, Winston Churchill. The word ""tank"" comes from a ruse; parts for the vehicles were packed in crates labelled “tanks” to disguise their true purpose.[1]",Good vs. infantry.,Weak vs. anti-tank units.,World War I,United Kingdom,War Camp,Tank,"{'HP': '2,375', 'Attack': '110', 'Gun': '3', 'Speed': '14', 'Range': '5'}",None,None,"{'Food': '170', 'Gold': '210'}",2
Matchlock_Infantry,"The Matchlock Infantry is the Korean gun infantry of the Gunpowder Age , available to be trained at the Barracks. Like other Korean infantry, it can use Martial Arts to temporarily increase its speed and rate of attack, which will afterwards decrease in a short recovery period (100 power, hotkey M). ",Good vs. spear infantry and gun cavalry.,Weak vs. sword cavalry.,Gunpowder Age,Korea,Barracks,Gun infantry,"{'HP': '470', 'Attack': '25', 'Speed': '13', 'Power': '100', 'Range': '4'}",None,None,"{'Food': '90', 'Gold': '80'}",1
Medic_(Empires),An integrated British medical corps was founded in 1898 and given the name Royal Army Medical Corps. Members of the Corps have received numerous decorations for valour.[1],Can heal friendly troops and revive mortally wounded troops.,Cannot attack.,World War I,United Kingdom,Barracks,None,"{'HP': '500', 'Speed': '13', 'Power': '100'}",None,None,"{'Food': '110', 'Gold': '85'}",1
MG42_Team,"The MG42 Team is a German World War II gun infantry unit , available at the Barracks.",Good vs. infantry.,Weak vs. tanks and field weapons.,World War II,Germany,Barracks,Gun infantry,"{'HP': '1,000', 'Attack': '90', 'Speed': '13', 'Range': '6'}",Armory,None,"{'Food': '165', 'Gold': '135'}",1
Ming_Cavalry,The Ming Cavalry is a Chinese sword cavalry unit .,Good vs. gun infantry.,Weak vs. gun cavalry and spear infantry.,Gunpowder Age,China,Barracks,None,"{'HP': '650', 'Attack': '25', 'Arrow': '1', 'Gun': '5', 'Speed': '18'}",None,None,"{'Food': '65', 'Gold': '75'}",1
Ming_Spearman,"The Ming Spearman is the Chinese spear infantry unit of the Gunpowder Age . It is upgraded from the Song Spearman for 20 Gold , and can be trained at the War Camp.",Good vs. sword infantry and cavalry.,Weak vs. gun units and cavalry archers.,Gunpowder Age,China,War Camp,Spear infantry,"{'HP': '450', 'Attack': '21', 'Shock': '2', 'Speed': '13'}",None,None,"{'Food': '45', 'Gold': '35'}",1
Mongol_Horseman,"The Mongols poured out of the north and ultimately took over China, creating the Yuan Dynasty in the 13th Century. Mongol horsemen were exceptional archers, with bows effective to a range of 300 yards.[1]",Good vs. spear infantry and cavalry.,"Weak vs. foot archers, sword infantry, and sword cavalry.",Medieval Age,China,War Camp,None,"{'HP': '475', 'Attack': '14', 'Pierce': '3', 'Speed': '16', 'Range': '5'}",None,None,"{'Food': '65', 'Wood': '55'}",2
Monk_(Empires),"The Monk is a Korean priest . It can convert enemy units (which costs 125 power, hotkey C) and detect stealthy enemies. It can also cast Bad Karma, which contaminates a group of enemies, decreasing hit points over time (200 power, hotkey K).","Can convert enemy units, detect stealthy units, and give enemies Bad Karma.",Cannot attack.,Medieval Age,Korea,Temple,Priest,"{'HP': '100', 'Speed': '11', 'Power': '225', 'Range': '6'}",None,None,"{'Food': '140', 'Gold': '160'}",2
Montgolfier_Balloon,"The French used the Montgolfier balloon for military observation and at times even for attack purposes, bringing death from above. In Empires, the Montgolfier Balloon will demoralize enemy troops with awe and fright as it floats over the battlefield.[1]",Can detect stealthy units and drop leaflets to reduce enemy attack.,Cannot attack. Weak vs. gun units.,Imperial Age,Franks,Siege Factory,Support Unit,"{'HP': '625', 'Speed': '18', 'Power': '100'}",Armory,"['Drop', 'Propaganda', 'Leaflets']","{'Food': '60', 'Gold': '90'}",1
Mounted_Flail,"The Mounted Flail is the Korean sword cavalry of the Medieval Age , available at the Stable.",Good vs. archers.,Weak vs. spear units.,Medieval Age,Korea,Stable,Sword cavalry,"{'HP': '925', 'Attack': '28', 'Arrow': '2', 'Gun': '5', 'Speed': '18'}",None,None,"{'Food': '100', 'Gold': '120'}",2
Mounted_Grenadier,The Mounted Grenadier is a Frankish gun cavalry unit . It is upgraded from the Carabineer for 65 Gold .,Good vs. sword cavalry and spear infantry.,Weak vs. gun infantry.,Imperial Age,Franks,Stable,Gun Cavalry,"{'HP': '825', 'Attack': '38', 'Shock': '8', 'Speed': '18', 'Range': '5'}",None,None,"{'Food': '85', 'Gold': '105'}",2
Neuer_Soldat,"Grenadiers were professional infantry troops within the Wehrmacht, and were one of the most heavily armed troops in the world, and thanks to their equipment, they were very versatile, able to adapt to any situation thanks to their training, due to this, there were many different types of Grenadiers, each with different duties.",Good vs. anti-tank units.,Weak vs. tanks and field weapons.,World War II,Germany,Barracks,Gun infantry,"{'HP': '800', 'Attack': '46', 'Speed': '13', 'Range': '5'}",None,None,"{'Food': '80', 'Gold': '70'}",1
Oil_Smithy,"The Oil Smithy is an English field weapon of the Medieval Age , trained from the Siege Factory. It is better against groups than single units. Its Boiling Oil ability engulfs a target location in a river of flaming oil (50 power, hotkey V).",Strong vs. groups of enemies.,Weak vs. any unit.,Medieval Age,England,Siege Factory,Field Weapon,"{'HP': '400', 'Attack': '10', 'Speed': '10', 'Power': '100', 'Range': '10'}",Armory,None,"{'Food': '85', 'Gold': '85'}",2
Ordnance_17_pdr_AT,The Ordnance 17 pdr AT is a World War II anti-tank unit of the United Kingdom . It is upgraded from the Anti-Tank 38mm Gun for 65 Gold .,Good vs. Tanks.,Weak vs. gun infantry.,World War II,United Kingdom,Siege Factory,Anti-tank,"{'HP': '1,200', 'Attack': '54', 'Gun': '4', 'Speed': '13', 'Range': '6'}",None,None,"{'Wood': '110', 'Gold': '90'}",1
P-51_Mustang,"Sleek, powerful, and modern, the P-51 represented the apex of the US Army Air Force's conventional fighter plane development in World War II. Serving into the Korean War, the Mustang became one of the most successful and famous aircraft in history, and for good reason. As is also true in Empires, the P-51 was capable of any task, any where, at any time, and came to dominate the skies wherever it flew.[1]",Good vs. Bombers and land units.,Weak vs. anti-air units.,World War II,United States,Airport,Fighter,"{'HP': '825', 'Attack': '24', 'Speed': '24', 'Flight time': '160', 'Range': '11'}",None,None,"{'Wood': '130', 'Gold': '170'}",1
PE-2_Bomber,The PE-2 Bomber is a Russian World War II bomber . It is upgraded from the Ilya Mourmetts Bomber for 100 Gold .,Good vs. anti-tank units and infantry.,Weak vs. anti-air units and Fighters.,World War II,Russia,Airport,Bomber,"{'HP': '750', 'Attack': '160', 'Area Effect': '27', 'Speed': '25', 'Flight time': '110'}",None,"['Detects', 'stealthy', 'units']","{'Wood': '190', 'Gold': '250'}",1
Peasant_(Empires),"Peasants can garrison in towers, and can also become infantry units. This costs 50 Food ,  75 Gold , hotkey M, and turns the Peasant into a Man-At-Arms or Fusilier.","Good vs. animals. Can construct and repair buildings, and gather resources.",Weak vs. any unit.,Medieval Age,Franks,Town Center,Citizen,"{'HP': '325', 'Attack': '5', 'Speed': '13', 'Range': '2'}",None,None,{'Food': '50'},1
Pervozvanny_Battleship,It can be upgraded to the Arkhangelsk Battleship in World War II.,"Good vs. Fighters, Fishing Boats, and Transports.",Weak vs. Submarines and siege weapons.,World War I,Russia,Dock,Battleship,"{'HP': '4,320', 'Attack': '180', 'Area Effect': '10', 'Speed': '13', 'Range': '7'}",None,None,"{'Wood': '170', 'Gold': '200'}",2
Poilu,"The Poilu is the basic gun infantry of the French in World War I . The Poliu is the second strongest gun infantry in World War I, behind the German Soldat. Polius also have high HP, and therefore will take more hits before they die.",Good vs. anti-tank units.,Weak vs. tanks and field weapons.,World War I,France,Barracks,Gun infantry,"{'HP': '500', 'Attack': '25', 'Speed': '13', 'Range': '5'}",None,None,"{'Food': '55', 'Gold': '45'}",1
Powder_Keg_Cart,"The Powder Keg Cart is a Korean support unit . It can use Power Keg (100 power, hotkey P) to blow up the enemy's stone and gold mines, which means they have to be cleared before mining can resume. It also restores power to nearby friendly units.",Can collapse mines and restore power to nearby units.,Weak vs. any unit.,Medieval Age,Korea,Siege Factory,Support unit,"{'HP': '125', 'Speed': '11', 'Power': '100'}",None,None,"{'Wood': '90', 'Gold': '110'}",2
Regular_(Empires),The Regular is an English gun infantry unit . It is upgraded from the Arquebusier for 40 Gold .,Good vs. gun cavalry.,Weak vs. sword cavalry and field weapons.,Imperial Age,England,Barracks,Gun Infantry,"{'HP': '570', 'Attack': '23', 'Speed': '13', 'Range': '5'}",None,None,"{'Food': '65', 'Gold': '55'}",1
Renault_Tank,"Its Bulldoze ability can inflict heavy damage on an adjacent unit by running over it (100 power, hotkey B).",Good vs. infantry.,Weak vs. anti-tank units.,World War I,France,Tank Factory,Tank,"{'HP': '1,850', 'Attack': '80', 'Gun': '3', 'Speed': '14', 'Power': '100', 'Range': '5'}",None,None,"{'Food': '160', 'Gold': '220'}",2
Revolutionary,"Its Bulldoze ability can inflict heavy damage on an adjacent unit by running over it (100 power, hotkey B).",Good vs. infantry.,Weak vs. anti-tank units.,World War I,France,Tank Factory,Tank,"{'HP': '1,850', 'Attack': '80', 'Gun': '3', 'Speed': '14', 'Power': '100', 'Range': '5'}",None,None,"{'Food': '160', 'Gold': '220'}",2
Ribaud,French cannons in the 14th and 15th centuries were more advanced than their English counterparts. The multi-barrel Ribaud (also know as the ribaudequin) was the machine gun of the 15th century.[1],Good vs. gun infantry and buildings.,Weak vs. sword cavalry and spear infantry.,Gunpowder Age,Franks,Siege Factory,Field Weapon,"{'HP': '550', 'Attack': '30', 'Area Effect': '10', 'Speed': '10', 'Power': '100', 'Range': '6'}",Armory,['Barrage'],"{'Wood': '135', 'Gold': '160'}",2
Rifled_Grenadier,"The Rifled Grenadier is a French World War I heavy infantry unit . It can fire a smokescreen shell that temporarily lowers the Line of Sight and range of enemies within the smokescreen (100 power, hotkey S).",Good vs. tanks and anti-tank units.,Weak vs. gun infantry.,World War I,France,Barracks,Heavy infantry,"{'HP': '400', 'Attack': '125', 'Speed': '13', 'Power': '100', 'Range': '8'}",Armory,None,"{'Food': '150', 'Gold': '120'}",1
Rocket_Cavalry,A Chuhwa was essentially a rocket launcher wielded by a man on horseback. It had tremendous firepower.[1],Good vs. sword cavalry and buildings.,Weak vs. gun infantry.,Gunpowder Age,Korea,Stable,Gun cavalry,"{'HP': '375', 'Attack': '50', 'Shock': '5', 'Speed': '15', 'Power': '100', 'Range': '4'}",None,None,"{'Food': '80', 'Gold': '100'}",2
Saboteur,"It can plant time bombs which explode for massive damage unless destroyed (1,000 Gold , hotkey N), demolish a building or vehicle (75 power, hotkey D), or plant an explosive charge to destroy mineral deposits, requiring them to be cleared before mining can resume (100 power, hotkey E).",Stealthy unit with various useful abilities.,Cannot attack; weak vs. any unit.,World War II,France,Barracks,Support,"{'HP': '700', 'Speed': '13', 'Power': '100'}",Armory,None,"{'Food': '165', 'Gold': '135'}",2
SAS_Operative,"In North Africa, SAS raids destroyed hundreds of German aircraft and disrupted supply lines. SAS operatives also collaborated with the French Résistance, organizing numerous raids to sabotage supply trains,fuel depots and other strategic targets.[1]",Good vs. anti-tank units.,Weak vs. tanks and field weapons.,World War II,United Kingdom,Barracks,Gun infantry,"{'HP': '600', 'Attack': '80', 'Speed': '14', 'Power': '100', 'Flight time': '110', 'Range': '5'}",Armory,"['Plant', 'bombsSwim']","{'Food': '135', 'Gold': '115'}",1
Sherman_Tank,The Sherman Tank is an American World War II unit . It is upgraded from the FT-17 Light Tank for 120 Gold .,Good vs. infantry.,Weak vs. anti-tank units.,World War II,United States,Tank Factory,Tank,"{'HP': '2,775', 'Attack': '120', 'Gun': '3', 'Speed': '14', 'Range': '5'}",None,None,"{'Food': '155', 'Gold': '195'}",2
Siege_Crossbow,"A double-bow crossbow uses a second bow to increase the force imparted to the projectile. After the Chinese invented gunpowder, they created incendiary projectiles that exploded against the target.[1]",Good vs. ground units.,Weak vs. groups of units.,Gunpowder Age,China,Tank Factory,Field weapon,"{'HP': '350', 'Attack': '800', 'Speed': '11', 'Range': '7'}",None,None,"{'Wood': '400', 'Gold': '500'}",2
Sniper_(Empires),The Sniper is a Russian gun infantry unit of World War I . It can kill infantry and cavalry units in one shot.,"Good vs. infantry, Scouts, and Citizens.",Weak vs. tanks and anti-tank units.,World War I,Russia,Tank Factory,Gun Infantry,"{'HP': '250', 'Attack': '80', 'Speed': '14', 'Range': '7'}",Armory,None,"{'Food': '160', 'Gold': '100'}",1
Soldat,"The Soldats is a German World War I gun infantry unit . Well-equipped and disciplined, they are more than capable of engaging on other infantry and light vehicles. Soldats can be upgraded into Neuer Soldats once the player reaches World War II.",Good vs. anti-tank units.,Weak vs. tanks and field weapons.,World War I,Germany,Barracks,Gun infantry,"{'HP': '675', 'Attack': '38', 'Speed': '13', 'Range': '5'}",None,None,"{'Food': '85', 'Gold': '75'}",None
Song_Guardsman,The Song Guardsman is the basic sword infantry of China in the Medieval Age . ,Effective in groups against archers,Countered by spear infantry and cavalry.,Medieval Age,China,War Camp,Sword infantry,"{'HP': '265', 'Attack': '20', 'Arrow': '5', 'Speed': '13'}",None,None,"{'Food': '60', 'Gold': '30'}",1
Song_Spearman,The Song Spearman is the Chinese spear infantry of the Medieval Age . It can be trained at the War Camp.,Good vs. sword infantry and cavalry.,Weak vs. archers.,Medieval Age,China,War Camp,Spear infantry,"{'HP': '350', 'Attack': '18', 'Pierce': '7', 'Shock': '5', 'Speed': '13'}",None,None,"{'Food': '50', 'Gold': '30'}",1
Sopwith_Camel,"Sopwith Camels had more kills than any other Allied plane during World War I. Like many of the planes during World War I, the Camel was a biplane with two machine guns placed at the front, which would become standard on all planes in later years. Although the Sopwith Camel performed extremely well, it also killed quite a few of its inexperienced pilots. It is also credited with shooting down the infamous Red Baron.[1]",Good vs. Bombers and land units.,Weak vs. anti-air units.,World War I,United Kingdom,Airport,Fighter,"{'HP': '740', 'Attack': '22', 'Speed': '24', 'Flight time': '100', 'Range': '7'}",None,"['Detects', 'stealthy', 'units']","{'Wood': '125', 'Gold': '165'}",1
Spad_XIII_Fighter,The crews of all French aircraft repair damage and try to parachute to safety if the plane is shot down.[1],Good vs. Bombers and land units. Can detect stealthy units.,Weak vs. anti-air units.,World War I,France,Airport,Fighter,"{'HP': '420', 'Attack': '25', 'Speed': '24', 'Flight time': '125', 'Range': '7'}",None,None,"{'Wood': '130', 'Gold': '170'}",1
Spitfire,"There were some 40 different variants of the Spitfire produced throughout the war and soon after. They served in every combat area, operating as fighters, fighter-bombers, reconnaissance aircraft and carrier-based fighters with the Royal Navy. The Spitfire sported 4 x .303 MG's and 2 x 20mm wing mounted cannons, and could support an external bomb load of one 226 kg or two 113 kg.[2]",Good vs. Bombers and land units.,Weak vs. anti-air units.,World War II,United Kingdom,Airport,Fighter,"{'HP': '890', 'Attack': '26', 'Speed': '24', 'Flight time': '120', 'Range': '8'}",None,"['Detects', 'stealthy', 'units']","{'Wood': '125', 'Gold': '165'}",1
SU-57_AT_Halftrack,The SU-57 AT Halftrack is a Russian World War II anti-tank unit .,Good vs. tanks.,Weak vs. gun infantry.,World War II,Russia,Siege Factory,Anti-Tank,"{'HP': '1,250', 'Attack': '38', 'Gun': '4', 'Speed': '13', 'Range': '6'}",Armory,None,"{'Wood': '100', 'Gold': '80'}",1
Subject,"Subjects do not construct buildings like other Citizens; instead, they only initiate construction, and the Mason's Guild automatically finishes construction.","Good vs. animals. Can construct and repair buildings, and gather resources.",Weak vs. any unit.,Medieval Age,England,Town Center,Citizen,"{'HP': '400', 'Attack': '10', 'Speed': '11', 'Range': '2'}",None,None,{'Food': '50'},1
Surcouf_Sub,The Surcouf Sub is a French World War I submarine .,Good vs. Battleships and Transports.,Weak vs. Fighters and towers.,World War I,France,Dock,Submarine,"{'HP': '1,530', 'Attack': '330', 'Speed': '17', 'Range': '6'}",None,None,"{'Wood': '140', 'Gold': '160'}",2
Surveillance_Van,The Surcouf Sub is a French World War I submarine .,Good vs. Battleships and Transports.,Weak vs. Fighters and towers.,World War I,France,Dock,Submarine,"{'HP': '1,530', 'Attack': '330', 'Speed': '17', 'Range': '6'}",None,None,"{'Wood': '140', 'Gold': '160'}",2
T34_Tank,"Runstedt called the T-34 the ""best tank in the world"" and von Kleist said it was the ""finest in the world."" The T-34 had a more powerful cannon than German tanks, a higher top speed (32 MPH versus 25 MPH), and superior sloped armor and superior welded construction. However, the German Tiger and Panther tanks outranged the T-34's original 76 mm gun, and subsequently a 85 mm gun was mounted on a T-34 tank.[1]",Good vs. infantry.,Weak vs. anti-tank units.,World War II,Russia,Tank Factory,Tank,"{'HP': '3,250', 'Attack': '200', 'Gun': '3', 'Speed': '14', 'Range': '5'}",None,None,"{'Food': '235', 'Gold': '285'}",2
Thunder_Boat,"The Song were perhaps first to employ a gunpowder weapon at sea. Sailors loaded a simple wooden boat with black powder, guided it toward an enemy vessel, then jumped off as it rammed the enemy and explode.[1]",Good vs. Fishing Boats and Transports.,Weak vs. Battleships and siege weapons.,Gunpowder Age,China,Dock,None,"{'HP': '400', 'Attack': '2,000', 'Area Effect': '14', 'Speed': '11'}",None,None,"{'Wood': '100', 'Gold': '80'}",2
Thunder_Crash_Mortar,The Thunder Crash Mortar is a Korean siege weapon . It can use Cannonade to increase its range at the cost of accuracy and movement.,Good vs. buildings and gun infantry.,Weak vs. sword cavalry.,Gunpowder Age,Korea,Siege Factory,Siege weapon,"{'HP': '625', 'Attack': '100', 'Gun': '0'}",None,None,"{'Wood': '175', 'Gold': '225'}",2
Tibetan_Cavalry,"The Tibetan Cavalry is the Chinese sword cavalry unit of the Imperial Age . It is upgraded from the Ming Cavalry for 50 Gold , and can be trained at the War Camp.",Good vs. gun infantry.,Weak vs. gun cavalry and spear infantry.,Imperial Age,China,War Camp,Sword cavalry,"{'HP': '260', 'Attack': '30', 'Gun': '7', 'Speed': '18'}",None,None,"{'Food': '65', 'Gold': '75'}",1
Tommy,"The Tommy is the standard infantry unit of the British Army in World War I and World War II . The Tommy is a decent infantry unit that can overcome any infantry but German Soldats. It has no upgrade in WW2, but can still pack a punch in sheer numbers, given their cost.",Good vs. anti-tank units.,Weak vs. Tanks and field weapons.,World War I,United Kingdom,Barracks,Gun Infantry,"{'HP': '690', 'Attack': '28', 'Speed': '13', 'Range': '5'}",None,None,"{'Food': '70', 'Gold': '60'}",1
Trebuchet_(Empires),"Prince Louis of France brought the trebuchet to England in the early 13th Century. Trebuchets were the ultimate siege weapons of their day, launching 300 pound stones and even decaying animals a great  distance. Legend says the 14th Century outbreak of the Black Death began at the Siege of Caffe, when attackers lobbed plague-ridden corpse into the town.[1]",Good vs. buildings.,Weak vs. spear and sword cavalry.,Medieval Age,England,Siege Factory,Siege Weapon,"{'HP': '600', 'Attack': '90', 'Arrow': '7', 'Speed': '11', 'Power': '100', 'Range': '7'}",None,"['Black', 'Death']","{'Wood': '250', 'Gold': '300'}",2
Turtle_Boat_(Empires),"The turtle ship was the creation of Admiral Yi Sun-sin. The deck of the ship has a metal curved cover giving a turtle look with hundreds of swords penetrating the metal, making it impossible for any man to stand on. Cannons cover the side of the ship as well. This odd battleship was used against a Japanese invasion in 100 to 1 odds with the Koreans victorious.[1]",Good vs. Fishing Boats and Transports.,Weak vs. siege weapons and other Battleships.,Gunpowder Age,Korea,Dock,Battleship,"{'HP': '5,130', 'Attack': '150', 'Transport capacity': '14', 'Speed': '11', 'Power': '100', 'Range': '6'}",None,None,"{'Wood': '270', 'Gold': '330'}",2
Twin-Sword_Cavalryman,Weak vs. spear infantry and gun cavalry.,Good vs. gun infantry.,None,Gunpowder Age,Korea,Stable,Sword cavalry,"{'HP': '1,100', 'Attack': '90', 'Arrow': '3', 'Gun': '3', 'Speed': '20'}",Armory,None,"{'Food': '100', 'Gold': '200'}",2
Twin-Swordsman,"The Twin-Swordsman is the Korean sword infantry from the Medieval Age , available to be trained at the Barracks. Like other Korean infantry, it can use Martial Arts to temporarily increase its speed and rate of attack, which will afterwards decrease in a short recovery period (100 power, hotkey M).",Good vs. archers.,Weak vs. spear units.,Medieval Age,Korea,Barracks,Sword infantry,"{'HP': '550', 'Attack': '27', 'Arrow': '3', 'Speed': '13', 'Power': '100'}",None,None,"{'Food': '90', 'Gold': '80'}",1
U-Boat_(Empires),"German submarines or “U-boats” took a heavy toll on Allied shipping in both World War I and World War II. A number of designs were put into production to fill various roles. The Type VIIB U-boat was a very successful attack-sub during World War II. The VIIB carried more fuel and was a bit faster than its predecessor, the Type VIIA, and also had a second rudder for better manoeuvrability. Like the VIIA, the VIIB was armed with four torpedo tubes in the bow and one aft, but it carried three additional torpedoes for a total of 14. Twenty-four VIIB U-boats were built from 1936 to 1940, when the slightly larger VIIC went into production. U-48, the most successful U-boat of the war, was a Type VIIB. Commissioned in April 1939, she sank 52 ships and damaged 4 more for total loss of more than 300,000 tons of shipping. U-48 was scuttled in May 1945, as part of Operation Regenbogen to keep the German fleet from falling into the hands of the Allies at the end of the war.[1]",Good vs. Battleships and Transports.,Weak vs. Fighters and towers.,World War I,Germany,Barracks,Submarine,"{'HP': '1,800', 'Attack': '535', 'Speed': '14', 'Power': '100', 'Range': '6'}",None,"['Torpedo', 'Run']","{'Wood': '120', 'Gold': '255'}",2
USS_Arkansas,"In Empires, USS Arkansas gives the American player a strong advantage at sea. In addition to being a powerful naval unit in its own right, fully capable of standing up to enemy battleships in head to head combat, she also serves as the center of a strong anti-submarine force. Representing the core of a hunter-killer task force, USS Arkansas has the technological capability to use sonar to detect enemy submarines. Once detected, these stealthy vessels can then be engaged and destroyed, and the seas made safe for American warships and transports. Just as the historical ship served in two world wars and engaged in a variety of combat activities, in Empires USS Arkansas is a flexible and powerful unit that epitomizes the US Navy's tradition of innovation, enterprise, and valor at sea.[1]",Strong vs. Fighters.,Weak vs. Submarines and siege weapons.,World War I,United States,Barracks,Battleship,"{'HP': '6,600', 'Attack': '270', 'Area Effect': '10', 'Speed': '13', 'Power': '100', 'Range': '7'}",None,['Sonar'],"{'Wood': '275', 'Gold': '350'}",2
USS_Enterprise,"In Empires, USS Arkansas gives the American player a strong advantage at sea. In addition to being a powerful naval unit in its own right, fully capable of standing up to enemy battleships in head to head combat, she also serves as the center of a strong anti-submarine force. Representing the core of a hunter-killer task force, USS Arkansas has the technological capability to use sonar to detect enemy submarines. Once detected, these stealthy vessels can then be engaged and destroyed, and the seas made safe for American warships and transports. Just as the historical ship served in two world wars and engaged in a variety of combat activities, in Empires USS Arkansas is a flexible and powerful unit that epitomizes the US Navy's tradition of innovation, enterprise, and valor at sea.[1]",Strong vs. Fighters.,Weak vs. Submarines and siege weapons.,World War I,United States,Barracks,Battleship,"{'HP': '6,600', 'Attack': '270', 'Area Effect': '10', 'Speed': '13', 'Power': '100', 'Range': '7'}",None,['Sonar'],"{'Wood': '275', 'Gold': '350'}",2
Vicar,"In Empires, USS Arkansas gives the American player a strong advantage at sea. In addition to being a powerful naval unit in its own right, fully capable of standing up to enemy battleships in head to head combat, she also serves as the center of a strong anti-submarine force. Representing the core of a hunter-killer task force, USS Arkansas has the technological capability to use sonar to detect enemy submarines. Once detected, these stealthy vessels can then be engaged and destroyed, and the seas made safe for American warships and transports. Just as the historical ship served in two world wars and engaged in a variety of combat activities, in Empires USS Arkansas is a flexible and powerful unit that epitomizes the US Navy's tradition of innovation, enterprise, and valor at sea.[1]",Strong vs. Fighters.,Weak vs. Submarines and siege weapons.,World War I,United States,Barracks,Battleship,"{'HP': '6,600', 'Attack': '270', 'Area Effect': '10', 'Speed': '13', 'Power': '100', 'Range': '7'}",None,['Sonar'],"{'Wood': '275', 'Gold': '350'}",2
Victory,"One battleship can be designated to be the Flagship, which can fire heated shots.",Good vs. Fishing Boats and Transports.,Weak vs. siege weapons and other battleships.,Imperial Age,Franks,Dock,Battleship,"{'HP': '5,040', 'Attack': '200', 'Area Effect': '10', 'Speed': '11', 'Range': '6'}",None,None,"{'Wood': '110', 'Gold': '220'}",2
Voisin_V_Bomber,The Voisin V Bomber is a French World War I bomber aircraft .,Good vs. anti-tank units and infantry.,Weak vs. anti-air units and Fighters.,World War I,France,Airport,Bomber,"{'HP': '815', 'Attack': '145', 'Area Effect': '15', 'Speed': '22', 'Flight time': '110'}",None,None,"{'Wood': '200', 'Gold': '260'}",1
War_Cog,"The War Cog is the English battleship of the Medieval Age , built at the Dock. One battleship can be designated to be the Flagship, which can fire heated shots.",Good vs. Fishing Boats and Transports.,Weak vs. siege weapons and other battleships.,Medieval Age,England,Dock,Battleship,"{'HP': '3,500', 'Attack': '140', 'Area Effect': '10', 'Speed': '11', 'Range': '6'}",None,None,"{'Wood': '110', 'Gold': '220'}",2
War_Junk,The War Junk is the Chinese battleship of the Imperial Age . It is available to be upgraded from Foochow Battleship for 50 Gold  and can be built from the Dock.,Good vs. Fishing Boats and Transports.,Weak vs. other battleships and siege weapons.,Imperial Age,China,Dock,Battleship,"{'HP': '2,000', 'Attack': '97', 'Transport capacity': '14', 'Speed': '11', 'Range': '8'}",None,None,"{'Wood': '100', 'Gold': '120'}",2
War_Kite,"By creating what is, in effect, the world's first ""air force"", you're sending a powerful message to friend and foe alike.[1]",Good against all melee units. Detects stealthy units.,"Countered by gun infantry, gun cavalry, and towers.",Gunpowder Age,China,Dock,None,"{'HP': '400', 'Attack': '30', 'Speed': '22', 'Range': '4'}",None,None,"{'Wood': '150', 'Gold': '100'}",1
Yak-1_Fighter,The Yak-1 Fighter is a Russian World War II fighter plane . It is upgraded from the Anatra-DS Fighter for 85 Gold .,Good vs. Bombers and land units.,Weak vs. anti-air units.,World War II,Russia,Airport,Fighter,"{'HP': '750', 'Attack': '19', 'Speed': '24', 'Flight time': '150', 'Range': '8'}",None,"['Detects', 'stealthy', 'units']","{'Wood': '120', 'Gold': '160'}",1
Zeppelin,"Since they derive their ""lift"" from extremely flammable hydrogen gas, Zeppelins are quite vulnerable to AA bursts or tracer-bullet hits from enemy fighters. All told, the German Airship Service mounted a total of 139 raids over Britain, killing 537 people and causing almost eight million dollars' in property damage.[1]",None,None,World War I,Germany,Airport,Bomber,"{'HP': '815', 'Attack': '90', 'Speed': '18', 'Range': '4'}",None,None,"{'Wood': '200', 'Gold': '270'}",None
